{
  "n_samples": 2000,
  "panel": [
    "CRP",
    "D-dimer",
    "NT-proBNP",
    "hs-cTnI"
  ],
  "tau": 0.9,
  "protocol_time_points": [
    0.0,
    1.0,
    3.0
  ],
  "cumulative_coverage": {
    "mean": 0.79975,
    "std": 0.06726765567492302,
    "ci_2.5": 0.6666666666666666,
    "ci_97.5": 0.8333333333333334
  },
  "per_timepoint": {
    "0.0h": {
      "cumulative_coverage_mean": 0.6366666666666666,
      "cumulative_coverage_ci": [
        0.5,
        0.6666666666666666
      ],
      "fraction_needing_serial_mean": 0.36333333333333334,
      "fraction_needing_serial_ci": [
        0.33333333333333337,
        0.5
      ]
    },
    "1.0h": {
      "cumulative_coverage_mean": 0.7978333333333335,
      "cumulative_coverage_ci": [
        0.6666666666666666,
        0.8333333333333334
      ],
      "fraction_needing_serial_mean": 0.20216666666666663,
      "fraction_needing_serial_ci": [
        0.16666666666666663,
        0.33333333333333337
      ]
    },
    "3.0h": {
      "cumulative_coverage_mean": 0.79975,
      "cumulative_coverage_ci": [
        0.6666666666666666,
        0.8333333333333334
      ],
      "fraction_needing_serial_mean": 0.20024999999999996,
      "fraction_needing_serial_ci": [
        0.16666666666666663,
        0.33333333333333337
      ]
    }
  }
}