{
  "n_samples": 5000,
  "tau": 0.9,
  "panel": [
    "hs-cTnI",
    "D-dimer",
    "NT-proBNP",
    "CRP"
  ],
  "sampling_distribution": "Beta (fitted from point estimate + 95% CI)",
  "coverage": {
    "mean": 0.7986333333333333,
    "std": 0.06775215453728721,
    "ci_2.5": 0.6666666666666666,
    "ci_97.5": 0.8333333333333334,
    "p_full_coverage": 0.792
  },
  "expected_detections_covered_per_1000": {
    "mean": 103.59983827832477,
    "std": 15.117968580553915,
    "ci_2.5": 73.6282290477532,
    "ci_97.5": 112.87907980926222
  },
  "expected_detections_all_per_1000": {
    "mean": 112.24581689258143,
    "std": 1.3741560913986477,
    "ci_2.5": 109.49477822345082,
    "ci_97.5": 114.92973733185691
  },
  "net_benefit": {
    "t=0.01": {
      "decision_threshold": 0.01,
      "harm_benefit_ratio": 0.0101,
      "mean": 0.08088926514701163,
      "std": 0.012684258105353547,
      "ci_2.5": 0.05567257248209662,
      "ci_97.5": 0.08892055171849615,
      "p_positive": 1.0
    },
    "t=0.05": {
      "decision_threshold": 0.05,
      "harm_benefit_ratio": 0.0526,
      "mean": -0.014734200669043653,
      "std": 0.0025511923148711486,
      "ci_2.5": -0.019937710068823646,
      "ci_97.5": -0.01191688709986617,
      "p_positive": 0.0
    },
    "t=0.1": {
      "decision_threshold": 0.1,
      "harm_benefit_ratio": 0.1111,
      "mean": -0.14621646616611966,
      "std": 0.01177469495663507,
      "ci_2.5": -0.15370677372556915,
      "ci_97.5": -0.12281322751762269,
      "p_positive": 0.0
    }
  },
  "note": "Net benefit computed at clinically relevant decision thresholds (not at tau=0.90 which is the sensitivity selection threshold, not the clinical decision threshold). t=0.01 means willing to accept 99 FPs per missed case. Only covered pathologies (sens >= tau) contribute."
}